{
  "val_seed": 20260707,
  "val_frac": 0.1,
  "n_val_files": 20,
  "results": [
    {
      "model": "v12b_lr_best",
      "n_total": 32392,
      "value_r2_global": 0.22893376997586412,
      "value_r2_by_round": {
        "1": {
          "n": 6393,
          "r2": 0.036801009243417004
        },
        "2": {
          "n": 6651,
          "r2": 0.11063131919260949
        },
        "3": {
          "n": 6934,
          "r2": 0.171674253952955
        },
        "4": {
          "n": 6904,
          "r2": 0.22976535351508487
        },
        "5": {
          "n": 5510,
          "r2": 0.5144804757531518
        }
      },
      "policy_n_drafting": 23638,
      "policy_top1": 0.40024536762839497,
      "policy_top3": 0.6874101023775278
    },
    {
      "model": "v12d_vw2_best",
      "n_total": 32392,
      "value_r2_global": 0.2254231746605565,
      "value_r2_by_round": {
        "1": {
          "n": 6393,
          "r2": 0.028584517670274256
        },
        "2": {
          "n": 6651,
          "r2": 0.0969678517080369
        },
        "3": {
          "n": 6934,
          "r2": 0.16824629970176208
        },
        "4": {
          "n": 6904,
          "r2": 0.2252625868509256
        },
        "5": {
          "n": 5510,
          "r2": 0.5237276824655206
        }
      },
      "policy_n_drafting": 23638,
      "policy_top1": 0.4013452914798206,
      "policy_top3": 0.686310178526102
    },
    {
      "model": "v12d_vw05_best",
      "n_total": 32392,
      "value_r2_global": 0.22599538193816826,
      "value_r2_by_round": {
        "1": {
          "n": 6393,
          "r2": 0.03608713571868194
        },
        "2": {
          "n": 6651,
          "r2": 0.10595232323996706
        },
        "3": {
          "n": 6934,
          "r2": 0.170496217947114
        },
        "4": {
          "n": 6904,
          "r2": 0.22718846443403817
        },
        "5": {
          "n": 5510,
          "r2": 0.509330380681837
        }
      },
      "policy_n_drafting": 23638,
      "policy_top1": 0.3998646247567476,
      "policy_top3": 0.6883408071748879
    },
    {
      "model": "v12d_pw2_best",
      "n_total": 32392,
      "value_r2_global": 0.21186714300397302,
      "value_r2_by_round": {
        "1": {
          "n": 6393,
          "r2": 0.014490268951898422
        },
        "2": {
          "n": 6651,
          "r2": 0.07688554479702314
        },
        "3": {
          "n": 6934,
          "r2": 0.15907412685006783
        },
        "4": {
          "n": 6904,
          "r2": 0.22011489744063362
        },
        "5": {
          "n": 5510,
          "r2": 0.5042299067220782
        }
      },
      "policy_n_drafting": 23638,
      "policy_top1": 0.39935696759455114,
      "policy_top3": 0.6870293595058804
    },
    {
      "model": "v12d_pw05_best",
      "n_total": 32392,
      "value_r2_global": 0.2322582074264672,
      "value_r2_by_round": {
        "1": {
          "n": 6393,
          "r2": 0.04342420117674217
        },
        "2": {
          "n": 6651,
          "r2": 0.11671660338852385
        },
        "3": {
          "n": 6934,
          "r2": 0.1718916525335925
        },
        "4": {
          "n": 6904,
          "r2": 0.23009845673311413
        },
        "5": {
          "n": 5510,
          "r2": 0.5185616656595926
        }
      },
      "policy_n_drafting": 23638,
      "policy_top1": 0.4027413486758609,
      "policy_top3": 0.6869024452153313
    }
  ]
}