{
  "val_seed": 20260707,
  "val_frac": 0.1,
  "n_val_files": 20,
  "results": [
    {
      "model": "v12b_lr_best",
      "n_total": 32392,
      "value_r2_global": 0.22893376997586412,
      "value_r2_by_round": {
        "1": {
          "n": 6393,
          "r2": 0.036801009243417004
        },
        "2": {
          "n": 6651,
          "r2": 0.11063131919260949
        },
        "3": {
          "n": 6934,
          "r2": 0.171674253952955
        },
        "4": {
          "n": 6904,
          "r2": 0.22976535351508487
        },
        "5": {
          "n": 5510,
          "r2": 0.5144804757531518
        }
      },
      "policy_n_drafting": 23638,
      "policy_top1": 0.40024536762839497,
      "policy_top3": 0.6874101023775278
    },
    {
      "model": "v12b_scratch_best",
      "n_total": 32392,
      "value_r2_global": 0.04638352241514354,
      "value_r2_by_round": {
        "1": {
          "n": 6393,
          "r2": -0.0440444152120425
        },
        "2": {
          "n": 6651,
          "r2": -0.11560851659558469
        },
        "3": {
          "n": 6934,
          "r2": -0.006432376638762394
        },
        "4": {
          "n": 6904,
          "r2": 0.01248743723466783
        },
        "5": {
          "n": 5510,
          "r2": 0.31561947562206605
        }
      },
      "policy_n_drafting": 23638,
      "policy_top1": 0.37566630002538287,
      "policy_top3": 0.6617734156866063
    },
    {
      "model": "v12_best",
      "n_total": 32392,
      "value_r2_global": 0.2214700003189759,
      "value_r2_by_round": {
        "1": {
          "n": 6393,
          "r2": 0.037718846632362024
        },
        "2": {
          "n": 6651,
          "r2": 0.10740661695065956
        },
        "3": {
          "n": 6934,
          "r2": 0.1818201709703895
        },
        "4": {
          "n": 6904,
          "r2": 0.228342255959056
        },
        "5": {
          "n": 5510,
          "r2": 0.4756714918313687
        }
      },
      "policy_n_drafting": 23638,
      "policy_top1": 0.39787630087147813,
      "policy_top3": 0.684829511803029
    }
  ]
}