{
  "source_pattern": "data/selfplay_v10b_*.pkl",
  "n_files": 200,
  "n_games_seen": 2000,
  "n_records_total": 322913,
  "n_records_with_both_rtv_and_bootstrap": 268041,
  "value_scale": 50.0,
  "td_lambda": 0.5,
  "per_round": {
    "1": {
      "n_pairs": 4000,
      "pearson_rtv_vs_bootstrap": 0.13822653882172525,
      "spearman_rtv_vs_bootstrap": 0.1763957932287742,
      "pearson_rtv_vs_fallback_outcome": 0.14137675627085042,
      "pearson_bootstrap_vs_fallback_outcome": 0.2547974695689689,
      "rtv_summary": {
        "n": 4000,
        "mean": 1.9169683539071975e-05,
        "std": 0.4506312531178243,
        "mean_abs": 0.41671287767091425,
        "percentiles": {
          "5": -0.6420649329482138,
          "25": -0.425459337999353,
          "50": -0.00015747075921357379,
          "75": 0.42545933799935276,
          "95": 0.6420649329482138
        }
      },
      "bootstrap_summary": {
        "n": 4000,
        "mean": 0.05021589732734719,
        "std": 0.23872694706829814,
        "mean_abs": 0.2027196806638676,
        "percentiles": {
          "5": -0.36225420236587524,
          "25": -0.1268831491470337,
          "50": 0.06701938062906265,
          "75": 0.2317352592945099,
          "95": 0.4165100157260895
        }
      },
      "fallback_outcome_summary": {
        "n": 4000,
        "mean": 0.0,
        "std": 0.3388974056646611,
        "mean_abs": 0.27864988178824274,
        "percentiles": {
          "5": -0.5511280285381469,
          "25": -0.25429553262639115,
          "50": 0.0,
          "75": 0.25429553262639115,
          "95": 0.5511280285381469
        }
      },
      "delta_raw_rtv_minus_fallback": {
        "n": 4000,
        "mean": 1.9169683539072385e-05,
        "std": 0.5241550286433253,
        "mean_abs": 0.44006540454831855,
        "percentiles": {
          "5": -0.8306462480285052,
          "25": -0.4138294351836739,
          "50": 0.0002475824537461202,
          "75": 0.4138294351836741,
          "95": 0.8306462480285051
        }
      },
      "delta_effective_schema15_target_if_rtv_removed": {
        "n": 4000,
        "mean": 9.584841769536193e-06,
        "std": 0.26207751432166265,
        "mean_abs": 0.22003270227415928,
        "percentiles": {
          "5": -0.4153231240142526,
          "25": -0.20691471759183694,
          "50": 0.0001237912268730601,
          "75": 0.20691471759183705,
          "95": 0.41532312401425253
        }
      }
    },
    "2": {
      "n_pairs": 4000,
      "pearson_rtv_vs_bootstrap": 0.23546091312558792,
      "spearman_rtv_vs_bootstrap": 0.30395054499690904,
      "pearson_rtv_vs_fallback_outcome": 0.20008612871111867,
      "pearson_bootstrap_vs_fallback_outcome": 0.369442989856828,
      "rtv_summary": {
        "n": 4000,
        "mean": 0.00010860622625443131,
        "std": 0.44936347758613765,
        "mean_abs": 0.4199178896141383,
        "percentiles": {
          "5": -0.6135633709208621,
          "25": -0.4321829647808664,
          "50": 0.000334317326609046,
          "75": 0.4322005426106179,
          "95": 0.6135633709208621
        }
      },
      "bootstrap_summary": {
        "n": 4000,
        "mean": 0.0345466858472937,
        "std": 0.25992522305564786,
        "mean_abs": 0.2187496385344275,
        "percentiles": {
          "5": -0.3989240825176239,
          "25": -0.1625073403120041,
          "50": 0.048382632434368134,
          "75": 0.2316126525402069,
          "95": 0.44347909092903137
        }
      },
      "fallback_outcome_summary": {
        "n": 4000,
        "mean": 0.0,
        "std": 0.3388974056646611,
        "mean_abs": 0.27864988178824274,
        "percentiles": {
          "5": -0.5511280285381469,
          "25": -0.25429553262639115,
          "50": 0.0,
          "75": 0.25429553262639115,
          "95": 0.5511280285381469
        }
      },
      "delta_raw_rtv_minus_fallback": {
        "n": 4000,
        "mean": 0.00010860622625443226,
        "std": 0.5058038227360078,
        "mean_abs": 0.4280029780051744,
        "percentiles": {
          "5": -0.800921563339037,
          "25": -0.40910139434938814,
          "50": 0.00038760716492880487,
          "75": 0.40913664497938046,
          "95": 0.8009215633390367
        }
      },
      "delta_effective_schema15_target_if_rtv_removed": {
        "n": 4000,
        "mean": 5.430311312721613e-05,
        "std": 0.2529019113680039,
        "mean_abs": 0.2140014890025872,
        "percentiles": {
          "5": -0.4004607816695185,
          "25": -0.20455069717469407,
          "50": 0.00019380358246440244,
          "75": 0.20456832248969023,
          "95": 0.4004607816695184
        }
      }
    },
    "3": {
      "n_pairs": 4000,
      "pearson_rtv_vs_bootstrap": 0.24242880318568308,
      "spearman_rtv_vs_bootstrap": 0.3245938279121142,
      "pearson_rtv_vs_fallback_outcome": 0.24417634270288235,
      "pearson_bootstrap_vs_fallback_outcome": 0.47471202351810327,
      "rtv_summary": {
        "n": 4000,
        "mean": 5.603924683613815e-06,
        "std": 0.4491634036132322,
        "mean_abs": 0.4209361849508545,
        "percentiles": {
          "5": -0.6193081639845006,
          "25": -0.42429265160809715,
          "50": 0.0008194327644377442,
          "75": 0.42430349465362727,
          "95": 0.6193081639845004
        }
      },
      "bootstrap_summary": {
        "n": 4000,
        "mean": 0.03257194800590514,
        "std": 0.27592768811784557,
        "mean_abs": 0.22820277112562326,
        "percentiles": {
          "5": -0.4311651587486267,
          "25": -0.16661110520362854,
          "50": 0.05313149839639664,
          "75": 0.23214960098266602,
          "95": 0.4693447947502136
        }
      },
      "fallback_outcome_summary": {
        "n": 4000,
        "mean": 0.0,
        "std": 0.3388974056646611,
        "mean_abs": 0.27864988178824274,
        "percentiles": {
          "5": -0.5511280285381469,
          "25": -0.25429553262639115,
          "50": 0.0,
          "75": 0.25429553262639115,
          "95": 0.5511280285381469
        }
      },
      "delta_raw_rtv_minus_fallback": {
        "n": 4000,
        "mean": 5.603924683614606e-06,
        "std": 0.49220119511589727,
        "mean_abs": 0.42364579569454686,
        "percentiles": {
          "5": -0.763130543225822,
          "25": -0.41630506980239224,
          "50": 0.00033201771080426656,
          "75": 0.416305069802392,
          "95": 0.7631305432258217
        }
      },
      "delta_effective_schema15_target_if_rtv_removed": {
        "n": 4000,
        "mean": 2.801962341807303e-06,
        "std": 0.24610059755794864,
        "mean_abs": 0.21182289784727343,
        "percentiles": {
          "5": -0.381565271612911,
          "25": -0.20815253490119612,
          "50": 0.00016600885540213328,
          "75": 0.208152534901196,
          "95": 0.3815652716129109
        }
      }
    },
    "4": {
      "n_pairs": 4000,
      "pearson_rtv_vs_bootstrap": 0.2682744278036288,
      "spearman_rtv_vs_bootstrap": 0.36101153331322083,
      "pearson_rtv_vs_fallback_outcome": 0.27494013653172966,
      "pearson_bootstrap_vs_fallback_outcome": 0.6622680457858837,
      "rtv_summary": {
        "n": 4000,
        "mean": -2.8727020762175923e-17,
        "std": 0.4473415967123317,
        "mean_abs": 0.42196160850952336,
        "percentiles": {
          "5": -0.6090819541014474,
          "25": -0.4271605236756907,
          "50": 2.9159377608722892e-05,
          "75": 0.42716052367569035,
          "95": 0.6090819541014476
        }
      },
      "bootstrap_summary": {
        "n": 4000,
        "mean": -0.03805650238702947,
        "std": 0.28349746121145114,
        "mean_abs": 0.2306516753515898,
        "percentiles": {
          "5": -0.4981743395328522,
          "25": -0.24531666934490204,
          "50": -0.03946191817522049,
          "75": 0.15644872188568115,
          "95": 0.43338730931282043
        }
      },